weblink,Year
https://environment.data.gov.uk/portalstg/home/item.html?id=1b327896717b4378bef3480f3507b3b1,
https://environment.data.gov.uk/portalstg/home/item.html?id=da41f51e4734410a9d7386e528177d55,
https://environment.data.gov.uk/portalstg/home/item.html?id=6cb3207e843d49d0afd8be9cc74fa4d5,
https://environment.data.gov.uk/portalstg/home/item.html?id=b5613a1bd325458eb8bad721b2833f4d,
https://environment.data.gov.uk/portalstg/home/item.html?id=139d59f4e4084ac79317ad3653c3cfd7,
https://environment.data.gov.uk/portalstg/home/item.html?id=a2cfcbbb22524c87a9a7f9cd55b727bb,
https://environment.data.gov.uk/portalstg/home/item.html?id=7e435507e2ce458c936d5cf7b469b1de,
https://environment.data.gov.uk/portalstg/home/item.html?id=e1a46bf40796472d833d1b9061223052,
https://environment.data.gov.uk/portalstg/home/item.html?id=d375f4939064486fb62d4073f9ef206e,
https://environment.data.gov.uk/portalstg/home/item.html?id=923aeb602d534efcbb706e95b977ab37,2006-2010
https://environment.data.gov.uk/portalstg/home/item.html?id=3c58096939744734a417074ca61dfd75,2011-2015
https://environment.data.gov.uk/portalstg/home/item.html?id=bff77f5d4e6d4978bb6eb4ff415ff8b2,2016-2020
https://environment.data.gov.uk/portalstg/home/item.html?id=0f415955c92b414789c536659d7816a3,2021
https://environment.data.gov.uk/portalstg/home/item.html?id=30002f1a29244cc3891a110aa8e6c623,2022
